Image,Mean_Color,Num_Contours,Num_Edges,Text
0.jpg,"[119.8746412627551, 118.12143255739795, 129.38588169642858]",1,1379040,
1.jpg,"[120.31483179209184, 118.46233258928571, 129.44086814413265]",1,1453755,
10.jpg,"[119.33934550382654, 117.54308832908163, 128.58235012755102]",1,1320645,
100.jpg,"[107.66802853954081, 108.69232302295919, 119.9598612882653]",1,1001130,
101.jpg,"[107.86571269132654, 109.13089923469387, 119.79318797831633]",1,992715,
102.jpg,"[107.99029416454081, 109.45792809311224, 119.79356664540816]",1,981495,
103.jpg,"[108.30929129464286, 110.03617267219387, 120.25946667729592]",1,1021275,
104.jpg,"[108.12460140306122, 109.7997050382653, 119.92641900510205]",1,958290,
105.jpg,"[108.42920918367346, 110.1030572385204, 119.96197385204081]",1,965940,
106.jpg,"[109.50825095663265, 111.12406329719387, 121.08960459183673]",1,951660,
107.jpg,"[113.34255420918367, 114.1743463010204, 125.5013352997449]",1,982005,
108.jpg,"[116.45643335459184, 116.04175302933673, 127.3173828125]",1,1045500,
109.jpg,"[116.45643335459184, 116.04175302933673, 127.3173828125]",1,1045500,
11.jpg,"[119.00077726403062, 117.30321269132654, 128.41517857142858]",1,1304070,
110.jpg,"[116.96137595663265, 116.1610331632653, 127.3692402742347]",1,1090125,
111.jpg,"[116.74049346301021, 116.02459343112245, 127.42034040178571]",1,1108230,
112.jpg,"[116.55731823979592, 115.85879703443878, 127.22480867346938]",1,1227570,
113.jpg,"[116.6280293367347, 115.62940449617346, 126.80590322066327]",1,1209210,
114.jpg,"[115.5541693239796, 114.68383290816327, 125.6776347257653]",1,1251795,
115.jpg,"[115.27666613520408, 114.18472975127551, 125.35333625637755]",1,1238025,
116.jpg,"[115.29167330994898, 114.11577248086735, 125.34895169005102]",1,1279335,
117.jpg,"[115.08466198979592, 113.97419084821429, 124.96737484056122]",1,1224000,
118.jpg,"[114.53049266581633, 113.60210060586735, 124.21464445153062]",1,1211760,
119.jpg,"[114.46799266581633, 113.53800621811224, 124.09398915816327]",1,1215330,
12.jpg,"[118.97638313137755, 117.31509088010205, 128.35457190688774]",1,1305345,
120.jpg,"[115.62848772321429, 114.54354671556122, 125.1231465242347]",1,1243890,
121.jpg,"[116.15399792729592, 114.99031409438776, 125.58669483418367]",1,1220685,
122.jpg,"[116.2454759247449, 115.00145487882654, 125.93243781887755]",1,1149540,
123.jpg,"[116.36720742984694, 114.93315529336735, 125.91093351403062]",1,1161015,
124.jpg,"[115.91597576530613, 114.6895527742347, 125.08862802933673]",1,1256640,
125.jpg,"[116.68136160714286, 114.95434072066327, 125.70804767219387]",1,1198500,
126.jpg,"[118.35066565688776, 116.60363520408163, 127.25785235969387]",1,1254345,
127.jpg,"[119.46197385204081, 117.25916772959184, 128.32963966836735]",1,1219665,
128.jpg,"[120.56255978954081, 117.99830596301021, 129.66057477678572]",1,1140870,
129.jpg,"[121.15154655612245, 118.47391183035714, 130.31297831632654]",1,1148775,
13.jpg,"[118.92259247448979, 117.37579719387755, 128.11268335459184]",1,1284690,
130.jpg,"[121.82053172831633, 119.04171316964286, 130.9306640625]",1,1137810,
131.jpg,"[122.54876833545919, 119.75767299107143, 131.7605428890306]",1,1159740,
132.jpg,"[122.94060905612245, 119.96073820153062, 132.5447624362245]",1,1213545,
133.jpg,"[122.94060905612245, 119.96073820153062, 132.5447624362245]",1,1213545,
134.jpg,"[120.85399394132654, 118.26175860969387, 130.69604990433675]",1,1301775,
135.jpg,"[119.8764349489796, 117.56931600765306, 129.86916055484693]",1,1361190,
136.jpg,"[119.87673389668367, 117.61238440688776, 129.95043447066325]",1,1390515,
137.jpg,"[121.03121014030613, 118.6313177614796, 131.1935188137755]",1,1392810,
138.jpg,"[121.12970344387755, 118.58721301020408, 131.44296077806123]",1,1344615,
139.jpg,"[120.74451929209184, 118.27212213010205, 131.43825733418367]",1,1384395,
14.jpg,"[118.86433753188776, 117.39570711096938, 128.06004862882654]",1,1284435,
140.jpg,"[120.80873325892857, 118.61565290178571, 131.88498485331633]",1,1347165,
141.jpg,"[120.59867267219387, 118.6688456632653, 132.0184550382653]",1,1370625,
142.jpg,"[119.82513552295919, 118.05046237244898, 131.49878427933675]",1,1326510,
143.jpg,"[118.65194515306122, 116.75777264030613, 130.29241071428572]",1,1309935,
144.jpg,"[117.14566725127551, 115.03764748086735, 128.71010044642858]",1,1555245,
145.jpg,"[116.77078683035714, 114.61154735331633, 128.07382015306123]",1,1490730,
146.jpg,"[117.05959024234694, 114.51486766581633, 127.87496014030613]",1,1463955,
147.jpg,"[117.80765704719387, 115.04177295918367, 128.4474250637755]",1,1429785,
148.jpg,"[118.70509805484694, 115.7747727997449, 129.3153698979592]",1,1458090,
149.jpg,"[119.4832987882653, 116.43351403061224, 129.8193359375]",1,1402245,
15.jpg,"[119.95679209183673, 118.48234215561224, 129.13942920918367]",1,1245930,
150.jpg,"[120.60257892219387, 117.4126275510204, 130.2852558992347]",1,1432845,
151.jpg,"[120.84375, 117.67452566964286, 130.26530612244898]",1,1385160,
152.jpg,"[120.95551658163265, 118.05759725765306, 130.27891820790816]",1,1348695,
153.jpg,"[120.94810267857143, 118.34644052933673, 130.33862802933675]",1,1409130,
154.jpg,"[120.9332350127551, 118.44190449617346, 130.2488639987245]",1,1368585,
155.jpg,"[120.78178810586735, 118.57876275510205, 129.8681640625]",1,1402755,
156.jpg,"[121.25073740433673, 118.96723533163265, 129.9920878507653]",1,1370370,
157.jpg,"[121.78003427933673, 119.4961933992347, 130.53366151147958]",1,1414485,
158.jpg,"[122.1493144132653, 119.91509885204081, 130.8098294005102]",1,1429785,
159.jpg,"[121.80624202806122, 119.9169921875, 130.50727439413265]",1,1437690,
16.jpg,"[118.88199537627551, 117.62406329719387, 128.47755899234693]",1,1329060,
160.jpg,"[121.98981584821429, 119.92235331632654, 130.8495097257653]",1,1421880,
161.jpg,"[122.56078603316327, 120.15288185586735, 131.0934909119898]",1,1378530,
162.jpg,"[122.55578364158163, 120.10507015306122, 131.0362922512755]",1,1368585,
163.jpg,"[122.83304767219387, 120.06951530612245, 131.1789700255102]",1,1290555,
164.jpg,"[123.1717753507653, 120.35845822704081, 131.6396484375]",1,1325745,
165.jpg,"[123.5883490114796, 120.64722177933673, 132.38028140943877]",1,1385160,
166.jpg,"[124.20165019132654, 121.15605070153062, 133.08366549744898]",1,1325235,
167.jpg,"[126.3047871492347, 123.50081712372449, 135.65700733418367]",1,1276530,
168.jpg,"[126.83302774234694, 124.31917649872449, 136.5002590880102]",1,1295400,
169.jpg,"[126.33432318239795, 124.21938775510205, 136.7665019132653]",1,1180140,
17.jpg,"[118.74234693877551, 117.1786112882653, 128.0183553890306]",1,1369860,
170.jpg,"[125.54211176658163, 123.58659518494898, 136.18889508928572]",1,1141635,
171.jpg,"[124.88663903061224, 123.12213010204081, 135.86557318239795]",1,1166115,
172.jpg,"[122.5797193877551, 121.25807158801021, 134.24675143494898]",1,1163310,
173.jpg,"[121.32485650510205, 120.23080755739795, 133.33035714285714]",1,1173510,
174.jpg,"[120.70505819515306, 119.74541613520408, 132.70129145408163]",1,1190850,
175.jpg,"[120.2494818239796, 119.41294642857143, 132.15523357780611]",1,1224510,
176.jpg,"[121.92205436862245, 120.80986926020408, 132.94828204719389]",1,1083240,
177.jpg,"[122.89556760204081, 121.5916972257653, 133.5136120854592]",1,1111035,
178.jpg,"[123.40369897959184, 122.12396364795919, 133.96450494260205]",1,1111545,
179.jpg,"[123.04978475765306, 121.91017617984694, 133.45772879464286]",1,1091400,
18.jpg,"[118.37095424107143, 116.72044403698979, 127.82184709821429]",1,1293360,
180.jpg,"[123.18819754464286, 122.08209103954081, 133.3856823979592]",1,1103895,
181.jpg,"[123.24051339285714, 121.98911830357143, 133.27590880102042]",1,1098285,
182.jpg,"[121.94744499362245, 120.89835778061224, 131.8557676977041]",1,1033515,
183.jpg,"[120.70513791454081, 119.27150430484694, 130.3356784119898]",1,1014135,
184.jpg,"[119.25936702806122, 117.83133370535714, 128.46424585459184]",1,1021275,
185.jpg,"[118.68769929846938, 117.44794323979592, 127.0688177614796]",1,1009545,
186.jpg,"[117.99736926020408, 116.33099489795919, 125.7965162627551]",1,1059015,
187.jpg,"[116.2963568239796, 114.86565290178571, 124.08185188137755]",1,1106190,
188.jpg,"[115.04789142219387, 114.01189811862245, 123.19341916454081]",1,1068450,
189.jpg,"[114.17936862244898, 113.86557318239795, 123.51124043367346]",1,1090635,
19.jpg,"[118.72323421556122, 117.01287468112245, 128.0831074617347]",1,1349205,
190.jpg,"[113.96346859056122, 113.7659837372449, 123.84988839285714]",1,1071000,
191.jpg,"[114.08452248086735, 114.46765385841837, 124.81519052933673]",1,1042185,
192.jpg,"[116.32487643494898, 116.26654177295919, 126.93032525510205]",1,998580,
193.jpg,"[117.55391023596938, 117.42966757015306, 128.23726482780611]",1,1026120,
194.jpg,"[117.71578045280613, 117.67370854591837, 128.6252590880102]",1,1080690,
195.jpg,"[116.2540058992347, 116.44409677933673, 127.57290338010205]",1,1208190,
196.jpg,"[116.56889748086735, 116.8403619260204, 128.03366151147958]",1,1137300,
197.jpg,"[117.38960857780613, 117.50225207270408, 128.9147401147959]",1,1181925,
198.jpg,"[118.60170200892857, 118.56403459821429, 130.17155612244898]",1,1126590,
199.jpg,"[118.60170200892857, 118.56403459821429, 130.17155612244898]",1,1126590,
2.jpg,"[120.51719945790816, 118.55058195153062, 129.6080994897959]",1,1493535,
20.jpg,"[118.72323421556122, 117.01287468112245, 128.0831074617347]",1,1349205,
200.jpg,"[118.11242426658163, 117.75651705994898, 129.09907126913265]",1,1113585,
201.jpg,"[117.64777981505102, 117.1313177614796, 128.47799744897958]",1,1080435,
202.jpg,"[117.2651068239796, 116.52234135841837, 127.99936224489795]",1,1080180,
203.jpg,"[116.49091198979592, 115.70314492984694, 127.41583625637755]",1,1152855,
204.jpg,"[116.6292649872449, 116.21514269770408, 127.87806919642857]",1,1143165,
205.jpg,"[116.70669244260205, 116.41019610969387, 128.04380580357142]",1,1157955,
206.jpg,"[116.84739716198979, 116.7152024872449, 128.12914540816325]",1,1199265,
207.jpg,"[116.72211814413265, 116.70529735331633, 127.91918447066327]",1,1225020,
208.jpg,"[116.94858099489795, 116.89813855229592, 128.05929129464286]",1,1229610,
209.jpg,"[116.56385522959184, 116.45984135841837, 127.44465481505102]",1,1228590,
21.jpg,"[119.07435825892857, 117.13992745535714, 128.55383051658163]",1,1382355,
210.jpg,"[115.75416533801021, 115.54428411989795, 126.57270408163265]",1,1253325,
211.jpg,"[114.35176179846938, 114.54428411989795, 125.1040338010204]",1,1201305,
212.jpg,"[114.00466358418367, 114.1250996492347, 125.03105070153062]",1,1199775,
213.jpg,"[113.6025390625, 113.94802295918367, 124.9368821747449]",1,1260210,
214.jpg,"[113.5063775510204, 113.82842394770408, 124.82553411989795]",1,1222980,
215.jpg,"[113.39622528698979, 113.72560586734694, 124.80050223214286]",1,1230120,
216.jpg,"[113.58294802295919, 113.91017617984694, 125.0121771364796]",1,1246695,
217.jpg,"[113.77756297831633, 114.14020647321429, 125.08693399234694]",1,1243635,
218.jpg,"[114.04151387117346, 114.28764748086735, 125.1796875]",1,1239810,
219.jpg,"[115.56469228316327, 115.60764110331633, 126.69361846301021]",1,1164840,
22.jpg,"[119.580078125, 117.40401785714286, 129.0598294005102]",1,1335945,
220.jpg,"[117.03698979591837, 116.80733816964286, 128.3594746492347]",1,1137555,
221.jpg,"[118.74577487244898, 118.23074776785714, 129.1120455994898]",1,1120215,
222.jpg,"[119.33878746811224, 118.57206632653062, 128.9417649872449]",1,1169175,
223.jpg,"[118.83147321428571, 118.00970583545919, 128.08049665178572]",1,1241595,
224.jpg,"[118.28164859693878, 117.498046875, 127.2305683992347]",1,1270410,
225.jpg,"[118.1119459502551, 117.29958545918367, 127.17520328443878]",1,1199520,
226.jpg,"[117.8100286989796, 116.9322584502551, 126.85602678571429]",1,1218135,
227.jpg,"[117.35196109693878, 116.23361766581633, 125.61019212372449]",1,1232160,
228.jpg,"[116.35176179846938, 115.30474728954081, 124.48646763392857]",1,1225785,
229.jpg,"[115.24868463010205, 114.31499123086735, 123.47315449617346]",1,1223490,
23.jpg,"[119.75611846301021, 117.60128348214286, 129.38811383928572]",1,1326765,
230.jpg,"[113.71400669642857, 113.33581792091837, 122.86212531887755]",1,1283670,
231.jpg,"[114.0219427614796, 113.73529177295919, 123.38570232780613]",1,1269390,
232.jpg,"[114.26895328443878, 114.24764827806122, 123.87215003188776]",1,1330590,
233.jpg,"[114.31415417729592, 114.29480229591837, 123.86383928571429]",1,1338240,
234.jpg,"[114.37105389030613, 114.33332669005102, 123.89674346301021]",1,1317840,
235.jpg,"[114.53200733418367, 114.45003587372449, 124.05560427295919]",1,1310700,
236.jpg,"[114.75641741071429, 114.5877909757653, 124.31144371811224]",1,1320645,
237.jpg,"[114.66996173469387, 114.70744977678571, 124.20697146045919]",1,1331100,
238.jpg,"[114.55745774872449, 114.44525271045919, 124.01213727678571]",1,1326765,
239.jpg,"[114.43975207270408, 114.34739716198979, 123.88871173469387]",1,1298460,
24.jpg,"[120.26973054846938, 117.92528300382654, 130.0489277742347]",1,1326255,
240.jpg,"[114.5743183992347, 114.42536272321429, 123.8958665497449]",1,1297695,
241.jpg,"[114.5083306760204, 114.40646922831633, 123.86822385204081]",1,1294380,
242.jpg,"[114.50115593112245, 114.41615513392857, 123.89664381377551]",1,1311975,
243.jpg,"[114.51004464285714, 114.38454639668367, 123.87460140306122]",1,1304070,
25.jpg,"[120.7211615114796, 118.43608498086735, 131.57182716836735]",1,1368585,
26.jpg,"[120.75340800382654, 118.6328125, 131.7453762755102]",1,1422900,
27.jpg,"[120.5033880739796, 118.58785076530613, 131.87647480867346]",1,1418055,
28.jpg,"[120.43875558035714, 118.46659757653062, 131.6597975127551]",1,1452735,
29.jpg,"[120.22309470663265, 118.24643255739795, 131.64682318239795]",1,1392045,
3.jpg,"[120.40656887755102, 118.5791015625, 129.6044921875]",1,1447125,
30.jpg,"[118.99653220663265, 117.10154257015306, 130.5315489477041]",1,1490730,
31.jpg,"[118.33631616709184, 116.36537388392857, 129.79948580994898]",1,1455285,
32.jpg,"[116.67255261479592, 115.00213249362245, 128.37593670280611]",1,1459620,
33.jpg,"[116.32844387755102, 114.85443239795919, 128.54932637117346]",1,1368330,
34.jpg,"[116.36208545918367, 114.90788424744898, 128.98301977040816]",1,1518270,
35.jpg,"[116.1782525510204, 114.85953443877551, 128.91159119897958]",1,1456305,
36.jpg,"[116.16238839285714, 114.8149115114796, 129.02176339285714]",1,1532040,
37.jpg,"[116.46861049107143, 115.19632892219387, 129.58454241071428]",1,1500165,
38.jpg,"[117.0992506377551, 115.79185267857143, 130.3087930484694]",1,1524900,
39.jpg,"[116.61838329081633, 115.26743861607143, 129.6770567602041]",1,1482570,
4.jpg,"[120.85100446428571, 118.97293526785714, 129.95119180484693]",1,1421115,
40.jpg,"[116.09937021683673, 114.9844746492347, 128.92055963010205]",1,1494045,
41.jpg,"[117.33665497448979, 115.59695870535714, 129.8789660395408]",1,1507305,
42.jpg,"[117.71480389030613, 116.36397879464286, 130.22634327168367]",1,1426470,
43.jpg,"[119.27090640943878, 117.68967235331633, 131.83258928571428]",1,1490475,
44.jpg,"[118.72297512755102, 117.4583665497449, 131.6630859375]",1,1571310,
45.jpg,"[118.841796875, 117.59024234693878, 131.7744140625]",1,1570290,
46.jpg,"[119.2837213010204, 117.93598533163265, 132.19318000637756]",1,1561365,
47.jpg,"[119.46424585459184, 117.81242028061224, 131.7384805484694]",1,1583295,
48.jpg,"[119.23999521683673, 117.66844706632654, 131.43253746811226]",1,1608540,
49.jpg,"[119.53150908801021, 117.70075334821429, 131.22345344387756]",1,1473135,
5.jpg,"[120.85100446428571, 118.97293526785714, 129.95119180484693]",1,1421115,
50.jpg,"[119.27092633928571, 117.39255819515306, 130.6912069515306]",1,1459875,
51.jpg,"[119.84349091198979, 117.93684231505102, 130.60951450892858]",1,1476705,
52.jpg,"[120.93809789540816, 118.82690927933673, 131.31118463010205]",1,1451205,
53.jpg,"[121.33404416454081, 119.40451610331633, 131.3273078762755]",1,1533825,
54.jpg,"[121.00348772321429, 119.32764668367346, 131.2923509247449]",1,1505775,
55.jpg,"[119.61352040816327, 118.16816804846938, 130.2723612882653]",1,1539690,
56.jpg,"[119.50858976403062, 117.94559151785714, 129.9337531887755]",1,1500420,
57.jpg,"[118.82551419005102, 117.23746412627551, 129.46825175382654]",1,1417290,
58.jpg,"[118.29900749362245, 116.70208864795919, 129.33832908163265]",1,1402500,
59.jpg,"[118.11505500637755, 116.45774872448979, 129.28766741071428]",1,1469055,
6.jpg,"[120.78421954719387, 118.93415178571429, 130.2057557397959]",1,1416270,
60.jpg,"[118.47112165178571, 116.57254464285714, 129.41262755102042]",1,1375215,
61.jpg,"[119.12414301658163, 117.81564891581633, 130.70007573341837]",1,1318860,
62.jpg,"[120.08111447704081, 118.42753507653062, 131.91759008290816]",1,1411680,
63.jpg,"[121.02283960459184, 119.87856744260205, 133.2198860012755]",1,1488435,
64.jpg,"[121.02283960459184, 119.87856744260205, 133.2198860012755]",1,1488435,
65.jpg,"[122.73455436862245, 121.18000637755102, 134.7754902742347]",1,1460385,
66.jpg,"[122.65826291454081, 120.8575215242347, 134.55221619897958]",1,1443300,
67.jpg,"[123.02385602678571, 121.01662149234694, 134.62211017219389]",1,1416270,
68.jpg,"[121.82734773596938, 120.07798549107143, 133.03585379464286]",1,1387200,
69.jpg,"[121.38374920280613, 119.96801259566327, 132.1347058354592]",1,1252305,
7.jpg,"[120.43433115433673, 118.59078045280613, 129.83171237244898]",1,1412700,
70.jpg,"[121.24844547193878, 119.93181999362245, 131.70406170280611]",1,1304580,
71.jpg,"[121.49541613520408, 120.03384088010205, 131.89070471938774]",1,1302285,
72.jpg,"[121.25249123086735, 119.6812818877551, 132.75330835459184]",1,1354815,
73.jpg,"[121.0916972257653, 119.43152104591837, 132.53627232142858]",1,1308660,
74.jpg,"[121.16212930484694, 119.5045240752551, 132.8357780612245]",1,1176825,
75.jpg,"[121.61716757015306, 119.77309869260205, 133.34584263392858]",1,1138830,
76.jpg,"[122.38263313137755, 121.13665896045919, 134.39367426658163]",1,1083750,
77.jpg,"[121.64038584183673, 121.0049824617347, 133.93018574617346]",1,1088085,
78.jpg,"[120.7739556760204, 120.26588408801021, 132.47165975765307]",1,1117920,
79.jpg,"[119.5741191007653, 119.35076530612245, 131.01371173469389]",1,1182945,
8.jpg,"[119.36617107780613, 117.64315609056122, 128.5081114477041]",1,1436670,
80.jpg,"[119.45549665178571, 119.25599888392857, 130.55815529336735]",1,1062585,
81.jpg,"[118.9937818877551, 118.88068000637755, 129.72381218112244]",1,1058760,
82.jpg,"[118.7457350127551, 118.81339684311224, 129.11403858418367]",1,1029945,
83.jpg,"[118.3774713010204, 118.92059948979592, 129.47156010841837]",1,980730,
84.jpg,"[118.15854193239795, 118.87613600127551, 129.71438536352042]",1,1007250,
85.jpg,"[118.52826052295919, 119.07481664540816, 130.10805963010205]",1,1077375,
86.jpg,"[117.70252710459184, 118.28633211096938, 129.1249003507653]",1,999345,
87.jpg,"[116.71629862882654, 117.29458306760205, 128.2375039859694]",1,1003170,
88.jpg,"[115.63460618622449, 116.23881935586735, 127.45228794642857]",1,1000110,
89.jpg,"[116.47975127551021, 116.90314094387755, 127.89568718112245]",1,1057995,
9.jpg,"[119.34309231505102, 117.58533960459184, 128.56246014030611]",1,1409640,
90.jpg,"[116.76257573341837, 117.21362802933673, 128.16527822066325]",1,1089615,
91.jpg,"[115.61798469387755, 116.45609454719387, 126.78242586096938]",1,1045500,
92.jpg,"[114.43484933035714, 114.82603236607143, 125.68710140306122]",1,1047795,
93.jpg,"[113.25577965561224, 113.99158960459184, 124.76550542091837]",1,1025865,
94.jpg,"[112.79125478316327, 113.13434709821429, 124.39204001913265]",1,1006995,
95.jpg,"[111.11100924744898, 111.90726642219387, 123.04105548469387]",1,1075590,
96.jpg,"[110.75245137117346, 111.10744180484694, 122.63157684948979]",1,1045500,
97.jpg,"[110.75245137117346, 111.10744180484694, 122.63157684948979]",1,1045500,
98.jpg,"[108.83121412627551, 110.02804129464286, 121.22552614795919]",1,1057740,
99.jpg,"[108.05265465561224, 108.95573580994898, 120.34865274234694]",1,1043205,
